status,original,output,error
converted,james tells blonde joke.wmv,james tells blonde joke.mp4,
converted,blonde earrings copy.flv,blonde earrings copy.mp4,
converted,chris tells knock nkock joke 4.flv,chris tells knock nkock joke 4.mp4,
converted,1 TonyBackGround (5).wmv,1 TonyBackGround (5).mp4,
converted,beth and joanna totlyy screw up copy.flv,beth and joanna totlyy screw up copy.mp4,
converted,Bobby tells woman joke 3.flv,Bobby tells woman joke 3.mp4,
converted,German tamponX.wmv,German tamponX.mp4,
converted,Cash tells a bee joke.flv,Cash tells a bee joke.mp4,
converted,Jaryd tells a blonde joke13.wmv,Jaryd tells a blonde joke13.mp4,
converted,horse face copy.flv,horse face copy.mp4,
converted,Andraadge tells deer nuts joke 4.flv,Andraadge tells deer nuts joke 4.mp4,
converted,beth and joanna 2 copy.flv,beth and joanna 2 copy.mp4,
converted,NFT_TELLMEAJOKE (100).wmv,NFT_TELLMEAJOKE (100).mp4,
converted,ashely tells an orange joke.flv,ashely tells an orange joke.mp4,
converted,NFT_TELLMEAJOKE (67).wmv,NFT_TELLMEAJOKE (67).mp4,
converted,NFT_TELLMEAJOKE (2).wmv,NFT_TELLMEAJOKE (2).mp4,
converted,Alicia tells an ethnic jokeX.wmv,Alicia tells an ethnic jokeX.mp4,
converted,NFT_TELLMEAJOKE (88).wmv,NFT_TELLMEAJOKE (88).mp4,
converted,boo bees copy.flv,boo bees copy.mp4,
converted,NFT_TELLMEAJOKE (30).wmv,NFT_TELLMEAJOKE (30).mp4,
converted,1 Blanket TMAJ intro.flv,1 Blanket TMAJ intro.mp4,
converted,NFT_TELLMEAJOKE (141).wmv,NFT_TELLMEAJOKE (141).mp4,
converted,NFT_TELLMEAJOKE (26).wmv,NFT_TELLMEAJOKE (26).mp4,
converted,Chris tells crab joke 4.flv,Chris tells crab joke 4.mp4,
converted,Erwin_tells_racial.flv,Erwin_tells_racial.mp4,
converted,colin copy.flv,colin copy.mp4,
converted,NFT_TELLMEAJOKE (116).wmv,NFT_TELLMEAJOKE (116).mp4,
converted,NFT_TELLMEAJOKE (71).wmv,NFT_TELLMEAJOKE (71).mp4,
converted,andrea arnold copy.flv,andrea arnold copy.mp4,
converted,brian donnely copy.flv,brian donnely copy.mp4,
converted,bar joke copy.flv,bar joke copy.mp4,
converted,NFT_TELLMEAJOKE (51).wmv,NFT_TELLMEAJOKE (51).mp4,
converted,Andre tells an ethnic joke13.wmv,Andre tells an ethnic joke13.mp4,
converted,NFT_TELLMEAJOKE (136).wmv,NFT_TELLMEAJOKE (136).mp4,
converted,Young Sam tells a blonde jokeR.wmv,Young Sam tells a blonde jokeR.mp4,
converted,j copy.flv,j copy.mp4,
converted,brent tells a sex joke.flv,brent tells a sex joke.mp4,
converted,athiest joke copy.flv,athiest joke copy.mp4,
converted,NFT_TELLMEAJOKE (47).wmv,NFT_TELLMEAJOKE (47).mp4,
converted,NFT_TELLMEAJOKE (120).wmv,NFT_TELLMEAJOKE (120).mp4,
converted,blind carpenter copy.flv,blind carpenter copy.mp4,
converted,blonde bar copy.flv,blonde bar copy.mp4,
converted,NFT_TELLMEAJOKE (10).wmv,NFT_TELLMEAJOKE (10).mp4,
converted,Erwin_tells_racial_med2.flv,Erwin_tells_racial_med2.mp4,
converted,Anthony tells christmas tree joke.flv,Anthony tells christmas tree joke.mp4,
converted,TonyBackGround_initial.wmv,TonyBackGround_initial.mp4,
converted,Angel tells bar joke.flv,Angel tells bar joke.mp4,
converted,NFT_TELLMEAJOKE (84).wmv,NFT_TELLMEAJOKE (84).mp4,
converted,Erwin_tells_racial_med3.flv,Erwin_tells_racial_med3.mp4,
converted,Trailer email630.flv,Trailer email630.mp4,
converted,Brooke tells lesbian joke 3.flv,Brooke tells lesbian joke 3.mp4,
converted,chris from jersey copy-1.flv,chris from jersey copy-1.mp4,
converted,Alex tells some jokesPG.flv,Alex tells some jokesPG.mp4,
converted,Charming tells cow joke 3.flv,Charming tells cow joke 3.mp4,
converted,Chicago tells a prostitute joke.flv,Chicago tells a prostitute joke.mp4,
converted,Marc tells a sex jokeRtopjoke.wmv,Marc tells a sex jokeRtopjoke.mp4,
converted,George tells retarded guy joke.wmv,George tells retarded guy joke.mp4,
converted,NFT_TELLMEAJOKE (92).wmv,NFT_TELLMEAJOKE (92).mp4,
converted,angela copy.flv,angela copy.mp4,
converted,fs.flv,fs.mp4,
converted,NFT_TELLMEAJOKE (93).wmv,NFT_TELLMEAJOKE (93).mp4,
converted,Adrian tells knock knock joke.flv,Adrian tells knock knock joke.mp4,
converted,alicia copy.flv,alicia copy.mp4,
converted,NFT_TELLMEAJOKE (85).wmv,NFT_TELLMEAJOKE (85).mp4,
converted,Brian tells tasteless joke 4.flv,Brian tells tasteless joke 4.mp4,
converted,Mike OD ethnic jokesR.wmv,Mike OD ethnic jokesR.mp4,
converted,NFT_TELLMEAJOKE (11).wmv,NFT_TELLMEAJOKE (11).mp4,
converted,NFT_TELLMEAJOKE (121).wmv,NFT_TELLMEAJOKE (121).mp4,
converted,blonde sperm copy.flv,blonde sperm copy.mp4,
converted,chris from jersey 2 copy-1.flv,chris from jersey 2 copy-1.mp4,
converted,NFT_TELLMEAJOKE (46).wmv,NFT_TELLMEAJOKE (46).mp4,
converted,barbie joke copy.flv,barbie joke copy.mp4,
converted,NFT_TELLMEAJOKE (137).wmv,NFT_TELLMEAJOKE (137).mp4,
converted,NFT_TELLMEAJOKE (50).wmv,NFT_TELLMEAJOKE (50).mp4,
converted,Bronx tells two jokes 3.flv,Bronx tells two jokes 3.mp4,
converted,Cathy tells a candle joke 3.flv,Cathy tells a candle joke 3.mp4,
converted,Ron tells a Mike Tyson jokeR - Copy.wmv,Ron tells a Mike Tyson jokeR - Copy.mp4,
converted,Barbara tells a Santa jokePG.flv,Barbara tells a Santa jokePG.mp4,
converted,NFT_TELLMEAJOKE (70).wmv,NFT_TELLMEAJOKE (70).mp4,
converted,Roman the Russian shoots youR - Copy.wmv,Roman the Russian shoots youR - Copy.mp4,
converted,NFT_TELLMEAJOKE (117).wmv,NFT_TELLMEAJOKE (117).mp4,
converted,NFT_TELLMEAJOKE (27).wmv,NFT_TELLMEAJOKE (27).mp4,
converted,chelsea debias copy.flv,chelsea debias copy.mp4,
converted,NFT_TELLMEAJOKE (140).wmv,NFT_TELLMEAJOKE (140).mp4,
converted,brian bosworth 2 copy.flv,brian bosworth 2 copy.mp4,
converted,NFT_TELLMEAJOKE (31).wmv,NFT_TELLMEAJOKE (31).mp4,
converted,Nicole tells a blonde jokeX.wmv,Nicole tells a blonde jokeX.mp4,
converted,joshhulkjoke.wmv,joshhulkjoke.mp4,
converted,Ed tells 2 ethnic jokesR.wmv,Ed tells 2 ethnic jokesR.mp4,
converted,bri m 4 copy.flv,bri m 4 copy.mp4,
converted,bra and hat copy.flv,bra and hat copy.mp4,
converted,Jack tells a kids jokePG.wmv,Jack tells a kids jokePG.mp4,
converted,NFT_TELLMEAJOKE (66).wmv,NFT_TELLMEAJOKE (66).mp4,
converted,NFT_TELLMEAJOKE (3).wmv,NFT_TELLMEAJOKE (3).mp4,
converted,Cheryl humps lefty.flv,Cheryl humps lefty.mp4,
converted,NFT_TELLMEAJOKE (89).wmv,NFT_TELLMEAJOKE (89).mp4,
converted,NFT_TELLMEAJOKE (101).wmv,NFT_TELLMEAJOKE (101).mp4,
converted,arod  copy.flv,arod  copy.mp4,
converted,buisnessman tells quick joke.flv,buisnessman tells quick joke.mp4,
converted,Alyssa tells buffalo joke 4.flv,Alyssa tells buffalo joke 4.mp4,
converted,Carolyn tells ethnic joke 3.flv,Carolyn tells ethnic joke 3.mp4,
converted,Ben tells cow joke 3.flv,Ben tells cow joke 3.mp4,
converted,1 TonyBackGround (4).wmv,1 TonyBackGround (4).mp4,
converted,arod 2 copy.flv,arod 2 copy.mp4,
converted,John tells a blonde joke.wmv,John tells a blonde joke.mp4,
converted,NFT_TELLMEAJOKE (57).wmv,NFT_TELLMEAJOKE (57).mp4,
converted,NFT_TELLMEAJOKE (130).wmv,NFT_TELLMEAJOKE (130).mp4,
converted,Jessica tells a yo momma jokePG.wmv,Jessica tells a yo momma jokePG.mp4,
converted,baby nails copy.flv,baby nails copy.mp4,
converted,NFT_TELLMEAJOKE (41).wmv,NFT_TELLMEAJOKE (41).mp4,
converted,NFT_TELLMEAJOKE (126).wmv,NFT_TELLMEAJOKE (126).mp4,
converted,NFT_TELLMEAJOKE (16).wmv,NFT_TELLMEAJOKE (16).mp4,
converted,Guy tells condom joke.wmv,Guy tells condom joke.mp4,
converted,Erwin_tells_racial2.flv,Erwin_tells_racial2.mp4,
converted,Erwin_tells_racial3.flv,Erwin_tells_racial3.mp4,
converted,NFT_TELLMEAJOKE (8).wmv,NFT_TELLMEAJOKE (8).mp4,
converted,NFT_TELLMEAJOKE (82).wmv,NFT_TELLMEAJOKE (82).mp4,
converted,Alysa tells priest joke 5.flv,Alysa tells priest joke 5.mp4,
converted,Cara tells ugly person joke 4.flv,Cara tells ugly person joke 4.mp4,
converted,big dick shannon copy.flv,big dick shannon copy.mp4,
converted,Adrianne tells a chicken joke.flv,Adrianne tells a chicken joke.mp4,
converted,tonydyomomma.flv,tonydyomomma.mp4,
converted,Alecia Jr tells IHOP joke.flv,Alecia Jr tells IHOP joke.mp4,
converted,chris p copy.flv,chris p copy.mp4,
converted,Jeff tells a cannibal jokePG.wmv,Jeff tells a cannibal jokePG.mp4,
converted,NFT_TELLMEAJOKE (94).wmv,NFT_TELLMEAJOKE (94).mp4,
converted,1 TonyBackGround (3).wmv,1 TonyBackGround (3).mp4,
converted,Chad tells old waiter joke.flv,Chad tells old waiter joke.mp4,
converted,Andrea tells ethnic joke 4-1.flv,Andrea tells ethnic joke 4-1.mp4,
converted,brad tells a fat girl joke.flv,brad tells a fat girl joke.mp4,
converted,Aron tells test tube joke 3.flv,Aron tells test tube joke 3.mp4,
converted,allen rosenberg copy.flv,allen rosenberg copy.mp4,
converted,Kevin jumps a dude R.wmv,Kevin jumps a dude R.mp4,
converted,ali_horsejokePG.wmv,ali_horsejokePG.mp4,
converted,Bridgette tells a cow joke.flv,Bridgette tells a cow joke.mp4,
converted,Nick hurts himselfR.wmv,Nick hurts himselfR.mp4,
converted,Barbara tells a mad cow jokePG.flv,Barbara tells a mad cow jokePG.mp4,
converted,NFT_TELLMEAJOKE (106).wmv,NFT_TELLMEAJOKE (106).mp4,
converted,NFT_TELLMEAJOKE (61).wmv,NFT_TELLMEAJOKE (61).mp4,
converted,NFT_TELLMEAJOKE (4).wmv,NFT_TELLMEAJOKE (4).mp4,
converted,NFT_TELLMEAJOKE (36).wmv,NFT_TELLMEAJOKE (36).mp4,
converted,andrea copy.flv,andrea copy.mp4,
converted,anthony ezzo copy.flv,anthony ezzo copy.mp4,
converted,black canoe copy.flv,black canoe copy.mp4,
converted,amy  copy.flv,amy  copy.mp4,
converted,$ tells blonde joke.flv,$ tells blonde joke.mp4,
converted,NFT_TELLMEAJOKE (147).wmv,NFT_TELLMEAJOKE (147).mp4,
converted,NFT_TELLMEAJOKE (20).wmv,NFT_TELLMEAJOKE (20).mp4,
converted,NFT_TELLMEAJOKE (110).wmv,NFT_TELLMEAJOKE (110).mp4,
converted,carlos.flv,carlos.mp4,
converted,NFT_TELLMEAJOKE (77).wmv,NFT_TELLMEAJOKE (77).mp4,
converted,NFT_TELLMEAJOKE (98).wmv,NFT_TELLMEAJOKE (98).mp4,
converted,NFT_TELLMEAJOKE (76).wmv,NFT_TELLMEAJOKE (76).mp4,
converted,NFT_TELLMEAJOKE (99).wmv,NFT_TELLMEAJOKE (99).mp4,
converted,alana 2 copy-1.flv,alana 2 copy-1.mp4,
converted,NFT_TELLMEAJOKE (111).wmv,NFT_TELLMEAJOKE (111).mp4,
converted,Rintro.wmv,Rintro.mp4,
converted,brian bosworth copy.flv,brian bosworth copy.mp4,
converted,NFT_TELLMEAJOKE (21).wmv,NFT_TELLMEAJOKE (21).mp4,
converted,trailshorshort.flv,trailshorshort.mp4,
converted,Alex tells an ethnic jokeR-1.flv,Alex tells an ethnic jokeR-1.mp4,
converted,chris - pirate copy.flv,chris - pirate copy.mp4,
converted,NFT_TELLMEAJOKE (146).wmv,NFT_TELLMEAJOKE (146).mp4,
converted,Alex tells an ethnic jokeR.wmv,Alex tells an ethnic jokeR.mp4,
converted,NFT_TELLMEAJOKE (37).wmv,NFT_TELLMEAJOKE (37).mp4,
converted,NFT_TELLMEAJOKE (60).wmv,NFT_TELLMEAJOKE (60).mp4,
converted,NFT_TELLMEAJOKE (5).wmv,NFT_TELLMEAJOKE (5).mp4,
converted,ali_horsejokePG-1.flv,ali_horsejokePG-1.mp4,
converted,blonde screen door copy.flv,blonde screen door copy.mp4,
converted,Erwin_tells_racial4.flv,Erwin_tells_racial4.mp4,
converted,brad copy.flv,brad copy.mp4,
converted,NFT_TELLMEAJOKE (107).wmv,NFT_TELLMEAJOKE (107).mp4,
converted,Alex tells a tigger jokePG-1.flv,Alex tells a tigger jokePG-1.mp4,
converted,Erwin_tells_racial5.flv,Erwin_tells_racial5.mp4,
converted,Brian dosn't ever get laid!.flv,Brian dosn't ever get laid!.mp4,
converted,Bill Sayers tells buckeneer joke.flv,Bill Sayers tells buckeneer joke.mp4,
converted,Andrea tells fish joke.wmv,Andrea tells fish joke.mp4,
converted,1 TonyBackGround (2).wmv,1 TonyBackGround (2).mp4,
converted,car lady tells a clown joke.flv,car lady tells a clown joke.mp4,
converted,NFT_TELLMEAJOKE (95).wmv,NFT_TELLMEAJOKE (95).mp4,
converted,Chase tells two dead baby jokes 4.flv,Chase tells two dead baby jokes 4.mp4,
converted,Alex2 tells an ethnic jokeX.wmv,Alex2 tells an ethnic jokeX.mp4,
converted,Andrea tells mickey mouse joke 3.wmv,Andrea tells mickey mouse joke 3.mp4,
converted,a slted nut copy.flv,a slted nut copy.mp4,
converted,bob tells a black and white joke.flv,bob tells a black and white joke.mp4,
converted,Bobby H tells a witch joke.flv,Bobby H tells a witch joke.mp4,
converted,NFT_TELLMEAJOKE (9).wmv,NFT_TELLMEAJOKE (9).mp4,
converted,Andria tells muffin joke 3.flv,Andria tells muffin joke 3.mp4,
converted,Copy of TonyBackGround.wmv,Copy of TonyBackGround.mp4,
converted,NFT_TELLMEAJOKE (83).wmv,NFT_TELLMEAJOKE (83).mp4,
converted,Erwin_tells_racial6.flv,Erwin_tells_racial6.mp4,
converted,Brian tells a savior joke13.flv,Brian tells a savior joke13.mp4,
converted,NFT_TELLMEAJOKE (17).wmv,NFT_TELLMEAJOKE (17).mp4,
converted,NFT_TELLMEAJOKE (127).wmv,NFT_TELLMEAJOKE (127).mp4,
converted,anthony tells dead wife joke.flv,anthony tells dead wife joke.mp4,
converted,Frankie_I_MichaelJacksonJokeR.wmv,Frankie_I_MichaelJacksonJokeR.mp4,
converted,brett copy.flv,brett copy.mp4,
converted,NFT_TELLMEAJOKE (40).wmv,NFT_TELLMEAJOKE (40).mp4,
converted,NFT_TELLMEAJOKE (131).wmv,NFT_TELLMEAJOKE (131).mp4,
converted,all right now copy.flv,all right now copy.mp4,
converted,NFT_TELLMEAJOKE (56).wmv,NFT_TELLMEAJOKE (56).mp4,
converted,Jack tells a woman jokePG.wmv,Jack tells a woman jokePG.mp4,
converted,Tony D tells yo momma jokes.flv,Tony D tells yo momma jokes.mp4,
converted,Chaneece tells jewish joke.wmv,Chaneece tells jewish joke.mp4,
converted,chicken dick copy.flv,chicken dick copy.mp4,
converted,Barbara Tells a tomato joke.flv,Barbara Tells a tomato joke.mp4,
converted,NFT_TELLMEAJOKE (96).wmv,NFT_TELLMEAJOKE (96).mp4,
converted,Meg tells an ethnic jokeR.wmv,Meg tells an ethnic jokeR.mp4,
converted,NFT_TELLMEAJOKE (79).wmv,NFT_TELLMEAJOKE (79).mp4,
converted,Brian tells an ethnic jokeR.wmv,Brian tells an ethnic jokeR.mp4,
converted,alan cohen copy.flv,alan cohen copy.mp4,
converted,The Chinagin Sisters.flv,The Chinagin Sisters.mp4,
converted,Brenden tells stevie wonder joke 3.flv,Brenden tells stevie wonder joke 3.mp4,
converted,NFT_TELLMEAJOKE (38).wmv,NFT_TELLMEAJOKE (38).mp4,
converted,NFT_TELLMEAJOKE (108).wmv,NFT_TELLMEAJOKE (108).mp4,
converted,Jeremy tells a hippie joke13.wmv,Jeremy tells a hippie joke13.mp4,
converted,NFT_TELLMEAJOKE (80).wmv,NFT_TELLMEAJOKE (80).mp4,
converted,Bill Sayers tells a pirate joke.flv,Bill Sayers tells a pirate joke.mp4,
converted,presidentsPG LONG.wmv,presidentsPG LONG.mp4,
converted,Anthony tells an ethnic jokeR.wmv,Anthony tells an ethnic jokeR.mp4,
converted,NFT_TELLMEAJOKE (14).wmv,NFT_TELLMEAJOKE (14).mp4,
converted,Alecia Jr tells Hooters joke.flv,Alecia Jr tells Hooters joke.mp4,
converted,NFT_TELLMEAJOKE (124).wmv,NFT_TELLMEAJOKE (124).mp4,
converted,NFT_TELLMEAJOKE (43).wmv,NFT_TELLMEAJOKE (43).mp4,
converted,blonde - brunette copy.flv,blonde - brunette copy.mp4,
converted,al copy.flv,al copy.mp4,
converted,John M tells no arms no legs jokes13.wmv,John M tells no arms no legs jokes13.mp4,
converted,NFT_TELLMEAJOKE (132).wmv,NFT_TELLMEAJOKE (132).mp4,
converted,Carly tells a robbery jokePG.wmv,Carly tells a robbery jokePG.mp4,
converted,NFT_TELLMEAJOKE (55).wmv,NFT_TELLMEAJOKE (55).mp4,
converted,Rintro2.wmv,Rintro2.mp4,
converted,Adam tells ethnic joke 3.flv,Adam tells ethnic joke 3.mp4,
converted,emma.flv,emma.mp4,
converted,Alex tells an health insurance joke.flv,Alex tells an health insurance joke.mp4,
converted,Guy tells a dinosaur jokeR.wmv,Guy tells a dinosaur jokeR.mp4,
converted,NFT_TELLMEAJOKE (75).wmv,NFT_TELLMEAJOKE (75).mp4,
converted,Fred tells a skeleton jokePG.wmv,Fred tells a skeleton jokePG.mp4,
converted,NFT_TELLMEAJOKE (112).wmv,NFT_TELLMEAJOKE (112).mp4,
converted,Aaron tells an ethnic jokeR.wmv,Aaron tells an ethnic jokeR.mp4,
converted,NFT_TELLMEAJOKE (22).wmv,NFT_TELLMEAJOKE (22).mp4,
converted,Andrea tells dog joke 4.flv,Andrea tells dog joke 4.mp4,
converted,NFT_TELLMEAJOKE (145).wmv,NFT_TELLMEAJOKE (145).mp4,
converted,adam copy.flv,adam copy.mp4,
converted,beth copy.flv,beth copy.mp4,
converted,assfax copy.flv,assfax copy.mp4,
converted,NFT_TELLMEAJOKE (34).wmv,NFT_TELLMEAJOKE (34).mp4,
converted,Brooke tells a bunch of jokes and she cute 5.flv,Brooke tells a bunch of jokes and she cute 5.mp4,
converted,NFT_TELLMEAJOKE (6).wmv,NFT_TELLMEAJOKE (6).mp4,
converted,NFT_TELLMEAJOKE (63).wmv,NFT_TELLMEAJOKE (63).mp4,
converted,NFT_TELLMEAJOKE (104).wmv,NFT_TELLMEAJOKE (104).mp4,
converted,Romny tells a rabbit jokeR - Copy.wmv,Romny tells a rabbit jokeR - Copy.mp4,
converted,carly copy.flv,carly copy.mp4,
converted,NFT_TELLMEAJOKE (18).wmv,NFT_TELLMEAJOKE (18).mp4,
converted,bad priest copy-1.flv,bad priest copy-1.mp4,
converted,Anton tells an ethnic jokeR.wmv,Anton tells an ethnic jokeR.mp4,
converted,Big Willy Style tells tampon joke.wmv,Big Willy Style tells tampon joke.mp4,
converted,NFT_TELLMEAJOKE (128).wmv,NFT_TELLMEAJOKE (128).mp4,
converted,amy copy.flv,amy copy.mp4,
converted,NFT_TELLMEAJOKE (59).wmv,NFT_TELLMEAJOKE (59).mp4,
converted,Johnny Salami tells a bunch of jokes.flv,Johnny Salami tells a bunch of jokes.mp4,
converted,Stav tells a blonde jokePG.wmv,Stav tells a blonde jokePG.mp4,
converted,1 TonyBackGround (1).wmv,1 TonyBackGround (1).mp4,
converted,Airiella phillips with a blonde joke 2.flv,Airiella phillips with a blonde joke 2.mp4,
converted,Amanda tells turkey joke.flv,Amanda tells turkey joke.mp4,
converted,TonyBackGround3.wmv,TonyBackGround3.mp4,
converted,Charles tells blonde joke.wmv,Charles tells blonde joke.mp4,
converted,NFT_TELLMEAJOKE (58).wmv,NFT_TELLMEAJOKE (58).mp4,
converted,chris hitler joke copy-1.flv,chris hitler joke copy-1.mp4,
converted,NFT_TELLMEAJOKE (129).wmv,NFT_TELLMEAJOKE (129).mp4,
converted,Eugene tells an ethnic jokeR.wmv,Eugene tells an ethnic jokeR.mp4,
converted,brian quinn copy.flv,brian quinn copy.mp4,
converted,NFT_TELLMEAJOKE (19).wmv,NFT_TELLMEAJOKE (19).mp4,
converted,NFT_TELLMEAJOKE (105).wmv,NFT_TELLMEAJOKE (105).mp4,
converted,NFT_TELLMEAJOKE (7).wmv,NFT_TELLMEAJOKE (7).mp4,
converted,NFT_TELLMEAJOKE (62).wmv,NFT_TELLMEAJOKE (62).mp4,
converted,jeremy tells a balls joke13.wmv,jeremy tells a balls joke13.mp4,
converted,Ashley tells a bee joke.flv,Ashley tells a bee joke.mp4,
converted,Ben tells tomayoe joke 3.flv,Ben tells tomayoe joke 3.mp4,
converted,NFT_TELLMEAJOKE (35).wmv,NFT_TELLMEAJOKE (35).mp4,
converted,NFT_TELLMEAJOKE (144).wmv,NFT_TELLMEAJOKE (144).mp4,
converted,Arron tells a baby joke.flv,Arron tells a baby joke.mp4,
converted,TonyBackGround2.wmv,TonyBackGround2.mp4,
converted,NFT_TELLMEAJOKE (23).wmv,NFT_TELLMEAJOKE (23).mp4,
converted,Al tells big toe joke.flv,Al tells big toe joke.mp4,
converted,NFT_TELLMEAJOKE (113).wmv,NFT_TELLMEAJOKE (113).mp4,
converted,NFT_TELLMEAJOKE (74).wmv,NFT_TELLMEAJOKE (74).mp4,
converted,whathappening2.flv,whathappening2.mp4,
converted,NFT_TELLMEAJOKE (54).wmv,NFT_TELLMEAJOKE (54).mp4,
converted,NFT_TELLMEAJOKE (133).wmv,NFT_TELLMEAJOKE (133).mp4,
converted,NFT_TELLMEAJOKE (42).wmv,NFT_TELLMEAJOKE (42).mp4,
converted,Alex tells an ethnic jokeX.wmv,Alex tells an ethnic jokeX.mp4,
converted,Alex tells a manly jokeR-1.flv,Alex tells a manly jokeR-1.mp4,
converted,NFT_TELLMEAJOKE (125).wmv,NFT_TELLMEAJOKE (125).mp4,
converted,b copy.flv,b copy.mp4,
converted,Ariel tells an ethnic jokeR.wmv,Ariel tells an ethnic jokeR.mp4,
converted,bald pussy copy-1.flv,bald pussy copy-1.mp4,
converted,NFT_TELLMEAJOKE (15).wmv,NFT_TELLMEAJOKE (15).mp4,
converted,Adam tells a religious jokeR-1.flv,Adam tells a religious jokeR-1.mp4,
converted,NFT_TELLMEAJOKE (81).wmv,NFT_TELLMEAJOKE (81).mp4,
converted,NFT_TELLMEAJOKE (109).wmv,NFT_TELLMEAJOKE (109).mp4,
converted,Brian tells vagina joke.flv,Brian tells vagina joke.mp4,
converted,NFT_TELLMEAJOKE (39).wmv,NFT_TELLMEAJOKE (39).mp4,
converted,Joey tells a Princess Di jokeR.wmv,Joey tells a Princess Di jokeR.mp4,
converted,John tells a Santa jokeR.wmv,John tells a Santa jokeR.mp4,
converted,NFT_TELLMEAJOKE (148).wmv,NFT_TELLMEAJOKE (148).mp4,
converted,NFT_TELLMEAJOKE (97).wmv,NFT_TELLMEAJOKE (97).mp4,
converted,NFT_TELLMEAJOKE (78).wmv,NFT_TELLMEAJOKE (78).mp4,
converted,Alex tells a mafia jokeR.wmv,Alex tells a mafia jokeR.mp4,
converted,chinese baby copy.flv,chinese baby copy.mp4,
converted,NFT_TELLMEAJOKE (73).wmv,NFT_TELLMEAJOKE (73).mp4,
converted,Joey tells a bathroom jokeR.wmv,Joey tells a bathroom jokeR.mp4,
converted,John tells a polar bear jokePG.wmv,John tells a polar bear jokePG.mp4,
converted,NFT_TELLMEAJOKE (114).wmv,NFT_TELLMEAJOKE (114).mp4,
converted,NFT_TELLMEAJOKE (24).wmv,NFT_TELLMEAJOKE (24).mp4,
converted,Ann b tells poo joke.flv,Ann b tells poo joke.mp4,
converted,NFT_TELLMEAJOKE (143).wmv,NFT_TELLMEAJOKE (143).mp4,
converted,NFT_TELLMEAJOKE (32).wmv,NFT_TELLMEAJOKE (32).mp4,
converted,Chelsea tells a sandpaper jokePG.flv,Chelsea tells a sandpaper jokePG.mp4,
converted,Aneeb tells monkey joke.flv,Aneeb tells monkey joke.mp4,
converted,Anthony tells an ethic jokeR.wmv,Anthony tells an ethic jokeR.mp4,
converted,anne copy.flv,anne copy.mp4,
converted,NFT_TELLMEAJOKE (65).wmv,NFT_TELLMEAJOKE (65).mp4,
converted,NFT_TELLMEAJOKE (102).wmv,NFT_TELLMEAJOKE (102).mp4,
converted,Alicia tells a Michael Jackson jokeR.wmv,Alicia tells a Michael Jackson jokeR.mp4,
converted,charlie charlucci copy.flv,charlie charlucci copy.mp4,
converted,NFT_TELLMEAJOKE (49).wmv,NFT_TELLMEAJOKE (49).mp4,
converted,Aaron tells an ethnic jokeR-1.flv,Aaron tells an ethnic jokeR-1.mp4,
converted,alana copy-1.flv,alana copy-1.mp4,
converted,Jimmy tells a baby jokeR.wmv,Jimmy tells a baby jokeR.mp4,
converted,Allana tells blonde joke 4.flv,Allana tells blonde joke 4.mp4,
converted,Tommy tells an ethnic jokeX.wmv,Tommy tells an ethnic jokeX.mp4,
converted,Bronx tells superhero joke LONG.wmv,Bronx tells superhero joke LONG.mp4,
converted,Alex tells some jokesPG-1.flv,Alex tells some jokesPG-1.mp4,
converted,Ashley tells blonde joke 3.flv,Ashley tells blonde joke 3.mp4,
converted,NFT_TELLMEAJOKE (138).wmv,NFT_TELLMEAJOKE (138).mp4,
converted,Brit tells polotician joke.flv,Brit tells polotician joke.mp4,
converted,miketellsagayjoke.wmv,miketellsagayjoke.mp4,
converted,NFT_TELLMEAJOKE (118).wmv,NFT_TELLMEAJOKE (118).mp4,
converted,John tells a cop jokePG.wmv,John tells a cop jokePG.mp4,
converted,Brian tells a dishwasher joke13.flv,Brian tells a dishwasher joke13.mp4,
converted,NFT_TELLMEAJOKE (90).wmv,NFT_TELLMEAJOKE (90).mp4,
converted,Ben tells tomato joke 3.flv,Ben tells tomato joke 3.mp4,
converted,Ed tells yet another ethnic jokeX.wmv,Ed tells yet another ethnic jokeX.mp4,
converted,NFT_TELLMEAJOKE (28).wmv,NFT_TELLMEAJOKE (28).mp4,
converted,Conner Cook tells elephant joke.flv,Conner Cook tells elephant joke.mp4,
converted,NFT_TELLMEAJOKE (86).wmv,NFT_TELLMEAJOKE (86).mp4,
converted,NFT_TELLMEAJOKE (69).wmv,NFT_TELLMEAJOKE (69).mp4,
converted,Joe tells an Afghanistan jokePG.wmv,Joe tells an Afghanistan jokePG.mp4,
converted,Jessica tells a blonde jokeR.wmv,Jessica tells a blonde jokeR.mp4,
converted,NFT_TELLMEAJOKE (12).wmv,NFT_TELLMEAJOKE (12).mp4,
converted,Alecia tells santa joke.flv,Alecia tells santa joke.mp4,
converted,NFT_TELLMEAJOKE (122).wmv,NFT_TELLMEAJOKE (122).mp4,
converted,NFT_TELLMEAJOKE (45).wmv,NFT_TELLMEAJOKE (45).mp4,
converted,Ed tells an ethnic jokeX.wmv,Ed tells an ethnic jokeX.mp4,
converted,NFT_TELLMEAJOKE (134).wmv,NFT_TELLMEAJOKE (134).mp4,
converted,chris 2 copy.flv,chris 2 copy.mp4,
converted,NFT_TELLMEAJOKE (53).wmv,NFT_TELLMEAJOKE (53).mp4,
converted,Brooke tells a computer joke.flv,Brooke tells a computer joke.mp4,
converted,Chris tells gyno joke.flv,Chris tells gyno joke.mp4,
converted,NFT_TELLMEAJOKE (52).wmv,NFT_TELLMEAJOKE (52).mp4,
converted,brandon.flv,brandon.mp4,
converted,NFT_TELLMEAJOKE (135).wmv,NFT_TELLMEAJOKE (135).mp4,
converted,NFT_TELLMEAJOKE (44).wmv,NFT_TELLMEAJOKE (44).mp4,
converted,Ed tells 2 ethnic jokesX.wmv,Ed tells 2 ethnic jokesX.mp4,
converted,Benjamin tells some funky jokes 4.wmv,Benjamin tells some funky jokes 4.mp4,
converted,NFT_TELLMEAJOKE (123).wmv,NFT_TELLMEAJOKE (123).mp4,
converted,Brit tells politician joke.flv,Brit tells politician joke.mp4,
converted,Trip and fall.wmv,Trip and fall.mp4,
converted,NFT_TELLMEAJOKE (13).wmv,NFT_TELLMEAJOKE (13).mp4,
converted,b 2 copy.flv,b 2 copy.mp4,
converted,NFT_TELLMEAJOKE (87).wmv,NFT_TELLMEAJOKE (87).mp4,
converted,NFT_TELLMEAJOKE (68).wmv,NFT_TELLMEAJOKE (68).mp4,
converted,Pat tells an ethnic jokeX.wmv,Pat tells an ethnic jokeX.mp4,
converted,Cassy tells elephant joke.flv,Cassy tells elephant joke.mp4,
converted,NFT_TELLMEAJOKE (29).wmv,NFT_TELLMEAJOKE (29).mp4,
converted,Chris tells cow joke 3.flv,Chris tells cow joke 3.mp4,
converted,2 black eyes copy-2.flv,2 black eyes copy-2.mp4,
converted,NFT_TELLMEAJOKE (91).wmv,NFT_TELLMEAJOKE (91).mp4,
converted,NFT_TELLMEAJOKE (119).wmv,NFT_TELLMEAJOKE (119).mp4,
converted,1 TonyBackGround (6).wmv,1 TonyBackGround (6).mp4,
converted,add joke copy.flv,add joke copy.mp4,
converted,Alicia tells a Michael Jackson jokeR-1.flv,Alicia tells a Michael Jackson jokeR-1.mp4,
converted,Deb tells an ethnic jokeX.wmv,Deb tells an ethnic jokeX.mp4,
converted,NFT_TELLMEAJOKE (139).wmv,NFT_TELLMEAJOKE (139).mp4,
converted,Carol tells dead monkey joke.flv,Carol tells dead monkey joke.mp4,
converted,Amy tells tickle test joke.flv,Amy tells tickle test joke.mp4,
converted,Caesar tells a finger joke.flv,Caesar tells a finger joke.mp4,
converted,Ben tells two jokes 2.flv,Ben tells two jokes 2.mp4,
converted,NFT_TELLMEAJOKE (48).wmv,NFT_TELLMEAJOKE (48).mp4,
converted,britney copy.flv,britney copy.mp4,
converted,Alison tells an ethnic joke13.wmv,Alison tells an ethnic joke13.mp4,
converted,Nick lays Joe outR.wmv,Nick lays Joe outR.mp4,
converted,Bernie tells an ethnic jokeR.wmv,Bernie tells an ethnic jokeR.mp4,
converted,Bill tells joke about guy with no legs.flv,Bill tells joke about guy with no legs.mp4,
converted,NFT_TELLMEAJOKE (103).wmv,NFT_TELLMEAJOKE (103).mp4,
converted,Anthony tells wife joke.flv,Anthony tells wife joke.mp4,
converted,NFT_TELLMEAJOKE (1).wmv,NFT_TELLMEAJOKE (1).mp4,
converted,NFT_TELLMEAJOKE (64).wmv,NFT_TELLMEAJOKE (64).mp4,
converted,NFT_TELLMEAJOKE (33).wmv,NFT_TELLMEAJOKE (33).mp4,
converted,jamesbeerjokeR LONG.wmv,jamesbeerjokeR LONG.mp4,
converted,NFT_TELLMEAJOKE (142).wmv,NFT_TELLMEAJOKE (142).mp4,
converted,NFT_TELLMEAJOKE (25).wmv,NFT_TELLMEAJOKE (25).mp4,
converted,Erwin_tells_racial_med.flv,Erwin_tells_racial_med.mp4,
converted,chinese babies copy.flv,chinese babies copy.mp4,
converted,NFT_TELLMEAJOKE (115).wmv,NFT_TELLMEAJOKE (115).mp4,
converted,bush joke copy.flv,bush joke copy.mp4,
converted,NFT_TELLMEAJOKE (72).wmv,NFT_TELLMEAJOKE (72).mp4,
